{
  "orderPreparation": {
    "parameters": {
      "Path_271": {
        "type": "String",
        "default": "\"C:\\\\Users\\\\GautamVadera\\\\OneDrive - Zehntech Technologies Private Limited\\\\Downloads\\\\JS7_2.5.10_2.6.7_2.7.1\\\\2.7.1\""
      }
    },
    "allowUndeclared": false
  },
  "instructions": [
    {
      "TYPE": "Execute.Named",
      "jobName": "RemoveDIR",
      "label": "RemoveDIR"
    },
    {
      "TYPE": "Execute.Named",
      "jobName": "job_2.7.1_release",
      "label": "job_2.7.1_release"
    },
    {
      "TYPE": "Execute.Named",
      "jobName": "StopServices",
      "label": "StopServices"
    },
    {
      "TYPE": "Execute.Named",
      "jobName": "Update_2.7.1",
      "label": "Update_2.7.1"
    },
    {
      "TYPE": "Execute.Named",
      "jobName": "StartServices",
      "label": "StartServices"
    }
  ],
  "timeZone": "Asia/Calcutta",
  "jobs": {
    "RemoveDIR": {
      "agentName": "cluster",
      "subagentClusterId": "round-robin",
      "withSubagentClusterIdExpr": false,
      "executable": {
        "TYPE": "ShellScriptExecutable",
        "script": "@@findstr/v \"^@@f.*&\" \"%~f0\"|pwsh.exe -&goto:eof\n\nRemove-Item -Force -Recurse -Path \"$env:Path_271\"",
        "env": {
          "Path_271": "$Path_271"
        },
        "v1Compatible": false
      },
      "skipIfNoAdmissionForOrderDay": false,
      "parallelism": 1,
      "graceTimeout": 1,
      "failOnErrWritten": false,
      "warnOnErrWritten": false
    },
    "job_2.7.1_release": {
      "agentName": "cluster",
      "subagentClusterId": "round-robin",
      "withSubagentClusterIdExpr": false,
      "executable": {
        "TYPE": "ShellScriptExecutable",
        "script": "@@findstr/v \"^@@f.*&\" \"%~f0\"|pwsh.exe -&goto:eof\n\nNew-Item -Path \"$env:Path_271\" -ItemType Directory\n\n\nWrite-Output \"*********** Download Latest Build of JS7/Controller/Agent **********\"\n\nWrite-Output \"******* Download Latest Build of JS7 ******\"\nInvoke-WebRequest -Uri \"https://download.sos-berlin.com/JobScheduler.2.0/js7_joc_windows.2.7.1-SNAPSHOT.zip\" -Outfile \"$env:Path_271\\JS7_JOC.zip\"\nExpand-Archive -Path \"$env:Path_271\\JS7_JOC.zip\" -DestinationPath \"$env:Path_271\\\"\n\nWrite-Output \"******* Download Latest Build of Controller ******\"\n\nInvoke-WebRequest -Uri \"https://download.sos-berlin.com/JobScheduler.2.0/js7_controller_windows_installer.2.7.1-SNAPSHOT.zip\" -Outfile \"$env:Path_271\\JS7_Controller.zip\"\nExpand-Archive -Path \"$env:Path_271\\JS7_Controller.zip\" -DestinationPath \"$env:Path_271\\\"\n\nWrite-Output \"******* Download Latest Build of Agent ******\"\n\nInvoke-WebRequest -Uri \"https://download.sos-berlin.com/JobScheduler.2.0/js7_agent_windows_installer.2.7.1-SNAPSHOT.zip\" -Outfile \"$env:Path_271\\JS7_Agent.zip\"\nExpand-Archive -Path \"$env:Path_271\\JS7_Agent.zip\" -DestinationPath \"$env:Path_271\\\"\n\necho\" All SnapShots is downloaded Successfully 2.7.1 \"",
        "env": {
          "Path_271": "$Path_271"
        },
        "v1Compatible": false
      },
      "skipIfNoAdmissionForOrderDay": false,
      "parallelism": 1,
      "graceTimeout": 1,
      "failOnErrWritten": false,
      "warnOnErrWritten": false
    },
    "StopServices": {
      "agentName": "cluster",
      "subagentClusterId": "round-robin",
      "withSubagentClusterIdExpr": false,
      "executable": {
        "TYPE": "ShellScriptExecutable",
        "script": "@@findstr/v \"^@@f.*&\" \"%~f0\"|pwsh.exe -&goto:eof\n\nWrite-Output \"*********** Stop services of JS7/Controller/Agent **********\"\n\nWrite-Output \"*******Stop Primary & Secondary joc******\"\nStop-Service -Name \"js7_joc_2717\" -Force\n\nWrite-Output \"*******Stop Primary &  Secondary Controller ******\"\nStop-Service -Name \"js7_controller_controller_2718\" -Force\n\nWrite-Output \"*******Agent ******\"\nStop-Service -Name \"js7_agent_2719\" -Force\n",
        "v1Compatible": false
      },
      "skipIfNoAdmissionForOrderDay": false,
      "parallelism": 1,
      "graceTimeout": 1,
      "failOnErrWritten": false,
      "warnOnErrWritten": false
    },
    "Update_2.7.1": {
      "agentName": "cluster",
      "subagentClusterId": "round-robin",
      "withSubagentClusterIdExpr": false,
      "executable": {
        "TYPE": "ShellScriptExecutable",
        "script": "@@findstr/v \"^@@f.*&\" \"%~f0\"|pwsh.exe -&goto:eof\n\nWrite-Output \"********************* Update 2.7.1 *****************************\"\nWrite-Output \"********************* Update 2.7.1 *****************************\"\nWrite-Output \"********************* Update 2.7.1 *****************************\"\n\ncd \"$env:Path_271\\joc.2.7.1-SNAPSHOT\"\n\n.\\setup.cmd \"C:\\Program Files\\sos-berlin.com\\js7_271_oracle_rprt\\joc_2717\\joc_install.xml\" \n\ncd ..\\controller.2.7.1-SNAPSHOT \n\n.\\setup.cmd \"C:\\Program Files\\sos-berlin.com\\js7_271_oracle_rprt\\controller_2718\\controller_install.xml\" \n\ncd ..\\agent.2.7.1-SNAPSHOT \n\n.\\setup.cmd \"C:\\Program Files\\sos-berlin.com\\js7_271_oracle_rprt\\agent_2719\\agent_install.xml\"",
        "env": {
          "Path_271": "$Path_271"
        },
        "v1Compatible": false
      },
      "skipIfNoAdmissionForOrderDay": false,
      "parallelism": 1,
      "graceTimeout": 1,
      "failOnErrWritten": false,
      "warnOnErrWritten": false
    },
    "StartServices": {
      "agentName": "cluster",
      "subagentClusterId": "round-robin",
      "withSubagentClusterIdExpr": false,
      "executable": {
        "TYPE": "ShellScriptExecutable",
        "script": "@@findstr/v \"^@@f.*&\" \"%~f0\"|pwsh.exe -&goto:eof\n\nWrite-Output \"*********** Start services of JS7/Controller/Agent **********\"\n\nWrite-Output \"*******start Primary & Secondary joc******\"\nstart-Service -Name \"js7_joc_2717\"\n\nWrite-Output \"*******start Primary &  Secondary Controller ******\"\nstart-Service -Name \"js7_controller_controller_2718\"\n\nWrite-Output \"*******Agent ******\"\nstart-Service -Name \"js7_agent_2719\"",
        "v1Compatible": false
      },
      "skipIfNoAdmissionForOrderDay": false,
      "parallelism": 1,
      "graceTimeout": 1,
      "failOnErrWritten": false,
      "warnOnErrWritten": false
    }
  }
}